pep	len	model_A0203	MSi_A0203	prank.MSi_A0203	best.MSi	best.MSi_allele	assign.MSi_ranks	assign.MSi_allele
FLSIILDHL	9	specific	0.916885667377048	0.422901029989931	0.422901029989931	A0203	NA	unknown
FILMGLPHV	9	specific	0.373046795672013	2.63346005133703	2.63346005133703	A0203	NA	unknown
LMRDHMPPV	9	specific	0.878559260898166	0.543425285115506	0.543425285115506	A0203	NA	unknown
CLMHHLAQA	9	specific	0.629763389296002	1.33429590278454	1.33429590278454	A0203	NA	unknown
FMSTMDVLV	9	specific	0.800573412908448	0.770563245280564	0.770563245280564	A0203	NA	unknown
VLYLHITWV	9	specific	0.987907449404399	0.116158170062064	0.116158170062064	A0203	NA	unknown
LLKAELVAGL	10	specific	0.862085927857293	0.595513695291938	0.595513695291938	A0203	NA	unknown
KLVVVGADGV	10	specific	0.0879422514725269	7.27105468369237	7.27105468369237	A0203	NA	unknown
FLQEVNVCGV	10	specific	0.941178479459551	0.340351561230789	0.340351561230789	A0203	NA	unknown
