pep	len	model_A0207	MSi_A0207	prank.MSi_A0207	best.MSi	best.MSi_allele	assign.MSi_ranks	assign.MSi_allele
CMSCTVNLL	9	specific	0.0124483197482833	18.3316585353032	18.3316585353032	A0207	NA	unknown
LLMMTIASV	9	specific	0.638409011728234	1.38095016650256	1.38095016650256	A0207	NA	unknown
ILGVGTSFV	9	specific	0.0837106653114056	7.73544391583281	7.73544391583281	A0207	NA	unknown
GLAGAIPRI	9	specific	0.604031071894699	1.52379662223229	1.52379662223229	A0207	NA	unknown
LMTATVTTV	9	specific	0.84928576681349	0.685622549723308	0.685622549723308	A0207	NA	unknown
KMMAEEMTV	9	specific	0.164203389340805	5.19868091963598	5.19868091963598	A0207	NA	unknown
ALRRGILGV	9	specific	0.195618216147543	4.62881151344455	4.62881151344455	A0207	NA	unknown
TMVGGNTKV	9	specific	0.138530994920681	5.7892746877698	5.7892746877698	A0207	NA	unknown
TLMTATVTT	9	specific	0.00828318267376744	21.4621492275373	21.4621492275373	A0207	NA	unknown
YLDSEIHSG	9	specific	0.888279859224955	0.5557161834015	0.5557161834015	A0207	NA	unknown
FLHCEDRPV	9	specific	0.0305240142592488	12.5648268151003	12.5648268151003	A0207	NA	unknown
IVPPGVLTQV	10	specific	0.98069192038642	0.181060157262525	0.181060157262525	A0207	NA	unknown
YLDSEIHSGA	10	specific	0.881708689530691	0.574317561925408	0.574317561925408	A0207	NA	unknown
FLHCEDRPVV	10	specific	0.11802497815095	6.37905970031562	6.37905970031562	A0207	NA	unknown
