pep	len	model_A3001	MSi_A3001	prank.MSi_A3001	best.MSi	best.MSi_allele	assign.MSi_ranks	assign.MSi_allele
KTLGPIWK	8	panpan	0.993863972028097	0.0490000490000475	0.0490000490000475	A3001	0.0490000490000475	A3001
KTNRIALI	8	panpan	0.593676343560219	3.13930313930314	3.13930313930314	A3001	NA	unknown
KSCKHTEK	8	panpan	0.0815322516618532	21.6405216405216	21.6405216405216	A3001	NA	unknown
AYRDLQTRK	9	specific	0.979987076918284	0.134544709227169	0.134544709227169	A3001	NA	unknown
KLKRFNLSA	9	specific	0.236829880614661	6.3922942206655	6.3922942206655	A3001	NA	unknown
KSFAVWTLA	9	specific	0.187250136045946	7.80308580218478	7.80308580218478	A3001	NA	unknown
KWRLSLCTV	9	specific	0.188060554508573	7.77650155345362	7.77650155345362	A3001	NA	unknown
RSRPVAATA	9	specific	0.798437560266919	0.941102698402718	0.941102698402718	A3001	NA	unknown
MTLHGFMMY	9	specific	0.0270915669314693	24.8733189521341	24.8733189521341	A3001	NA	unknown
HSRNTHLGK	9	specific	0.906952873865763	0.474153413437828	0.474153413437828	A3001	NA	unknown
QIKLHLSPK	9	specific	0.351214485201571	4.32856507966143	4.32856507966143	A3001	NA	unknown
SSKKVMRTK	9	specific	0.966161747773488	0.214906255009917	0.214906255009917	A3001	NA	unknown
QTRLKGSLK	9	specific	0.919228172302246	0.419361450404143	0.419361450404143	A3001	NA	unknown
KAIESFLEK	9	specific	0.928595921728346	0.38283347504835	0.38283347504835	A3001	NA	unknown
RTGKAAGLL	9	specific	0.270143078526275	5.67837523565617	5.67837523565617	A3001	NA	unknown
ITYEYRPSK	9	specific	0.992830765247345	0.0556036958193729	0.0556036958193729	A3001	0.0556036958193729	A3001
LLKHPFTLM	9	specific	0.15403383978539	9.07425934456636	9.07425934456636	A3001	NA	unknown
ITRTVSANTV	10	specific	0.0797793237000911	14.0236985386781	14.0236985386781	A3001	NA	unknown
ATKNNKVIMA	10	specific	0.332252828735444	4.59826329770503	4.59826329770503	A3001	NA	unknown
VAHFQLQMLK	10	specific	0.155216219472802	9.02464217804141	9.02464217804141	A3001	NA	unknown
KNRSSGTVSA	10	specific	0.0985553871685018	12.2809082478139	12.2809082478139	A3001	NA	unknown
RSRPVAATAK	10	specific	0.989321935176849	0.0778248808274817	0.0778248808274817	A3001	0.0778248808274817	A3001
HSRNTHLGKK	10	specific	0.863856372568342	0.650603827725948	0.650603827725948	A3001	NA	unknown
GSSPFQHLEK	10	specific	0.457781322714355	3.09117991448395	3.09117991448395	A3001	NA	unknown
HSSKKVMRTK	10	specific	0.567616401116053	2.23297542681925	2.23297542681925	A3001	NA	unknown
SSLSSPQPQL	10	specific	0.784208897749583	1.00766478682882	1.00766478682882	A3001	NA	unknown
KTNRIALILA	10	specific	0.350375865068701	4.34013227185742	4.34013227185742	A3001	NA	unknown
RIALILAGSK	10	specific	0.204032406839219	7.29656454391778	7.29656454391778	A3001	NA	unknown
RVYISYLDCI	10	specific	0.125223806961569	10.4966181182816	10.4966181182816	A3001	NA	unknown
GITYEYRPSK	10	specific	0.919163882732391	0.419665850198769	0.419665850198769	A3001	NA	unknown
ITYEYRPSKA	10	specific	0.133464336726401	10.0444829566555	10.0444829566555	A3001	NA	unknown
TAKQAHLTTLK	11	specific	0.828386856449975	0.802499325247119	0.802499325247119	A3001	NA	unknown
HSRNTHLGKKK	11	specific	0.936936435434553	0.344377634326554	0.344377634326554	A3001	NA	unknown
KTQIKLHLSPK	11	specific	0.583558130554027	2.12450763333218	2.12450763333218	A3001	NA	unknown
RGRNSATSADK	11	specific	0.636176648487647	1.78682679448752	1.78682679448752	A3001	NA	unknown
