pep	len	model_A2301	MSi_A2301	prank.MSi_A2301	best.MSi	best.MSi_allele	assign.MSi_ranks	assign.MSi_allele
EYPVIFKSI	9	specific	0.962953144974179	0.19365228409739	0.19365228409739	A2301	NA	unknown
DYVSALHPV	9	specific	0.086733482937335	6.74239096962446	6.74239096962446	A2301	NA	unknown
QGLPNEYAF	9	specific	0.376330222872396	2.06686960779859	2.06686960779859	A2301	NA	unknown
ALPQSILLF	9	specific	0.894244625833299	0.374582885297869	0.374582885297869	A2301	NA	unknown
RFANPRDSF	9	specific	0.794770766629113	0.590346665858943	0.590346665858943	A2301	NA	unknown
FSPGAANLF	9	specific	0.0769727952235068	7.26832149510064	7.26832149510064	A2301	NA	unknown
YGIRGFSTI	9	specific	0.0366698343347202	11.1484347786579	11.1484347786579	A2301	NA	unknown
SYQLYTHPL	9	specific	0.641846198505826	0.983911109764901	0.983911109764901	A2301	NA	unknown
QYMDSSLVKI	10	specific	0.870677942037582	0.429104383427481	0.429104383427481	A2301	NA	unknown
IYLHGSTDKL	10	specific	0.970750677585602	0.166492500769866	0.166492500769866	A2301	NA	unknown
IFKSIMRQRL	10	specific	0.545878000350462	1.29256336862086	1.29256336862086	A2301	NA	unknown
TALPQSILLF	10	specific	0.477492858055565	1.57021914613276	1.57021914613276	A2301	NA	unknown
LFSPGAANLF	10	specific	0.917438317669763	0.319051729795494	0.319051729795494	A2301	NA	unknown
RYGIRGFSTI	10	specific	0.700871449874507	0.823072690282556	0.823072690282556	A2301	NA	unknown
