pep	len	model_A2601	MSi_A2601	prank.MSi_A2601	best.MSi	best.MSi_allele	assign.MSi_ranks	assign.MSi_allele
DTSPVAVAL	9	specific	0.36534190364182	2.26333492540213	2.26333492540213	A2601	NA	unknown
EVTPILAIR	9	specific	0.972705129782359	0.0879348169255834	0.0879348169255834	A2601	0.0879348169255834	A2601
DVKAIGPLV	9	specific	0.753961187269953	0.580329315383432	0.580329315383432	A2601	NA	unknown
ENITTIQFY	9	specific	0.900866165426042	0.248929401193243	0.248929401193243	A2601	NA	unknown
QTKPASLLY	9	specific	0.751726790269216	0.586198382566039	0.586198382566039	A2601	NA	unknown
EVADAATLTM	10	specific	0.937658386760288	0.167673177958216	0.167673177958216	A2601	NA	unknown
DTVEYPYTSF	10	specific	0.991651528411441	0.0316727246233661	0.0316727246233661	A2601	0.0316727246233661	A2601
ETPPFSNYNTL	11	specific	0.653192760215865	0.854455229136475	0.854455229136475	A2601	NA	unknown
