pep	len	model_A0202	MSi_A0202	prank.MSi_A0202	best.MSi	best.MSi_allele	assign.MSi_ranks	assign.MSi_allele
KMIENESPL	9	specific	0.608882342941231	1.57880315760631	1.57880315760631	A0202	NA	unknown
FMVPRDPAL	9	specific	0.816380272971259	0.803101606203216	0.803101606203216	A0202	NA	unknown
LISGPSVGV	9	specific	0.0940080068074167	8.47691695383391	8.47691695383391	A0202	NA	unknown
ALVVPVFEI	9	specific	0.308846711677426	3.57520715041431	3.57520715041431	A0202	NA	unknown
SIAPEIALEL	10	specific	0.682931958304511	1.28890257780515	1.28890257780515	A0202	NA	unknown
TLIGLPWSFL	10	specific	0.746667339735561	1.0508021016042	1.0508021016042	A0202	NA	unknown
GLPWSFLGWL	10	specific	0.130461865862728	6.92061384122769	6.92061384122769	A0202	NA	unknown
RLISGPSVGV	10	specific	0.724307704965274	1.13210226420453	1.13210226420453	A0202	NA	unknown
