pep	len	model_A1102	MSi_A1102	prank.MSi_A1102	best.MSi	best.MSi_allele	assign.MSi_ranks	assign.MSi_allele
NTVILETLK	9	specific	0.563843181729317	1.72820345640692	1.72820345640692	A1102	NA	unknown
TISKLYIPK	9	specific	0.981432804796431	0.136900273800544	0.136900273800544	A1102	NA	unknown
FTAAALAGH	9	specific	0.0580958497322475	11.5555231110462	11.5555231110462	A1102	NA	unknown
FQQEIQILK	9	specific	0.795807310607698	0.802701605403211	0.802701605403211	A1102	NA	unknown
ALSYLVSFQR	10	specific	0.402372647687379	2.71250542501085	2.71250542501085	A1102	NA	unknown
QVWNPSFCFK	10	specific	0.957693551646339	0.250100500201	0.250100500201	A1102	NA	unknown
RTNTVILETLK	11	specific	0.881876006391313	0.521101042202088	0.521101042202088	A1102	NA	unknown
